genome	position	major_depth	minor_depth	major_nuc	minor_nuc
frequency_example	100	1500	300	C	T
frequency_example	6627	1500	350	T	C
frequency_example	21614	1500	330	T	C
frequency_example	21621	1500	300	A	C
frequency_example	12964	1500	300	A	G
frequency_example	3828	1500	350	T	C
frequency_example	23525	1500	330	T	C
frequency_example	6613	1500	300	G	A
frequency_example	23063	1500	300	T	A
frequency_example	27684	1500	350	C	T
frequency_example	22132	1500	330	T	G
frequency_example	21638	1500	300	T	C
frequency_example	5648	1500	300	C	A
frequency_example	6319	1500	350	G	A
frequency_example	28512	1500	330	G	C
frequency_example	12778	1500	300	T	C
frequency_example	28628	1500	300	G	T
frequency_example	27901	1500	350	T	C
frequency_example	26149	1500	330	C	T
frequency_example	28253	1500	300	C	T
frequency_example	28167	1500	300	A	G
frequency_example	28975	1500	350	G	T
frequency_example	20719	1500	330	T	C
frequency_example	21123	1500	300	G	T
frequency_example	10667	1500	300	T	G
frequency_example	4815	1500	350	T	C
frequency_example	11824	1500	330	C	T
frequency_example	22812	1500	300	C	A
frequency_example	28077	1500	300	G	A
